title,date,sentiment,explanation
"Estee Lauder, L’Oreal Suffer as China’s Duty-Free Spending Falls",2025-05-22 00:30:00,negative,"The news of Estee Lauder (EL) suffering due to falling duty-free spending in China has a direct negative impact on revenue expectations. Given the short time horizon, traders are likely to react negatively to the headline, expecting lower sales in a key market and triggering immediate selling pressure. This represents a significant surprise and catalyst for an immediate price drop within 60 minutes.
```"
"Stock Movers: Nvidia, Estee Lauder, Charter (Podcast)",2025-05-16 17:16:12,neutral,"The title only mentions EL as one of several ""Stock Movers,"" indicating it's part of a broader discussion, not necessarily reflecting a specific, impactful event directly related to EL. The description gives the source and a credit for a photographer, providing no information of immediate financial impact or surprise that would influence short-term trading sentiment on EL within 60 minutes.
```"
Estee Lauder declares $0.35 dividend,2025-05-01 15:24:04,positive,"A dividend declaration, while somewhat expected, provides a concrete, positive signal to investors. The $0.35 dividend indicates financial stability and a commitment to shareholder returns. This can trigger immediate buying pressure as traders react positively to the news and the attractive yield, boosting EL's price within the 60-minute window.
```"
"Estee Lauder to lay off up to 7,000 — more than it initially planned",2025-05-01 14:45:00,negative,"The announcement of larger-than-expected layoffs (up to 7,000) signals potential cost-cutting measures in response to underlying business challenges. While efficiency improvements are theoretically positive, the immediate reaction within a short trading window is likely to be negative sentiment as traders interpret this as a sign of weakness and potential revenue struggles, triggering selling pressure. The magnitude of the layoffs increases the surprise factor and the likelihood of an immediate negative price reaction.
```"
Estée Lauder Forecasts Return to Sales Growth in 2026,2025-05-01 12:17:12,negative,"While forecasting a return to sales growth is generally positive, the key phrase ""in 2026"" significantly diminishes its immediate impact. Traders are unlikely to react positively to news of future potential growth when a ""sharp revenue decline"" is currently occurring. The long timeframe makes it a weak catalyst for immediate price movement, therefore it is considered negative.
```"
"Estee Lauder Non-GAAP EPS of $0.65 beats by $0.34, revenue of $3.55B beats by $30M",2025-05-01 12:05:48,positive,"The news reports that EL's EPS and revenue both beat expectations. This positive surprise factor is likely to trigger immediate buying pressure as short-term traders react to the better-than-expected financial results. The magnitude of the EPS beat ($.34) is significant, suggesting a potential immediate upward price movement within the 60-minute timeframe.
```"
"Clinique's Black Honey made me stop hating lipstick, and now it's on sale",2025-04-29 22:16:00,positive,"The news highlights a popular Clinique product experiencing increased sales due to a promotion. This positive publicity and increased sales related to a specific product will likely drive short-term positive sentiment towards EL as it demonstrates brand strength and revenue potential within the next 60 minutes, creating a minor positive surprise.
```"
We Tried to Find a Perfect Dupe for the Black Honey Almost Lipstick. We Couldn’t.,2025-04-21 17:58:27,neutral,"This article focuses on the popularity and attempts to duplicate a specific Clinique lipstick shade (""Black Honey""). While it highlights the product's continued success and high sales volume (7 sold per minute), there's no significant surprise factor or new quantifiable data that suggests an immediate positive or negative impact on EL's stock price within the next 60 minutes. It's essentially an article about product popularity, which is already likely priced into the stock.
```"
"At Tom Ford, the Power of a Perfect Suit",2025-03-06 18:27:13,neutral,"The news focuses on Tom Ford's clothing line, a brand owned by EL. While positive press for the brand is generally beneficial, the article's focus on fashion aesthetics rather than sales figures or strategic shifts provides no quantifiable data or surprise factor to significantly impact EL's stock price within the next 60 minutes. There is no immediate, direct financial implication stemming from this fashion-centric news.
```"
Designer Debuts at Tom Ford and Dries Van Noten,2025-03-06 09:44:46,neutral,"The news focuses on designer debuts at Tom Ford and Dries Van Noten, with no discernible direct impact on EL's (Estee Lauder's) revenue, costs, operations or market share. While Tom Ford is mentioned, the news is focused on the designers and the fashion show, not specifically EL's future financial performance or a negative development for the Tom Ford brand that EL owns. Therefore, it's unlikely to trigger significant price movement in EL stock within the next 60 minutes.
```"
